<<BEGIN OF METADATA>>;;;;;;
<<BEGIN OF ROLESUPPORT>>;;;;;;
Role;Name;Description;Field;Referenced Characteristic;Presentation;Data Types
CHARACTERISTIC;YEAR_QUARTER;Year Quarter;1;;KEY;STRING
CHARACTERISTIC;CUSTOMER;Customer;2;;KEY;STRING
CHARACTERISTIC;CUSTOMER;Customer;3;;TEXT;STRING
ATTRIBUTE;LONGITUDE;LONGITUDE;4;CUSTOMER;KEY;STRING
ATTRIBUTE;LATTITUDE;LATTITUDE;5;CUSTOMER;KEY;STRING
ATTRIBUTE;CITY;City;6;CUSTOMER;KEY;STRING
CHARACTERISTIC;PRODUCT;Product;7;;KEY;STRING
CHARACTERISTIC;PRODUCT;Product;8;;TEXT;STRING
CHARACTERISTIC;PRODUCT_GROUP;Product Group;9;;KEY;STRING
CHARACTERISTIC;PRODUCT_GROUP;Product Group;10;;TEXT;STRING
CHARACTERISTIC;DISTR_CHANNEL;Distribution Channel;11;;KEY;STRING
CHARACTERISTIC;DISTR_CHANNEL;Distribution Channel;12;;TEXT;STRING
CHARACTERISTIC;AREA_CODE;Area Code;13;;KEY;STRING
CHARACTERISTIC;AREA_CODE;Area Code;14;;TEXT;STRING
CHARACTERISTIC;REGION;Region;15;;KEY;STRING
CHARACTERISTIC;REGION;Region;16;;TEXT;STRING
CHARACTERISTIC;INDUSTRY_SECTOR;Industry Sector;17;;KEY;STRING
KEYFIGURE;BILLED_QUANTITY;Billed Quantity;18;;VALUE;DOUBLE
KEYFIGURE;BILLED_QUANTITY;Billed Quantity;19;;UNIT;STRING
KEYFIGURE;SALES_VALUE;Sales Value;20;;VALUE;DOUBLE
KEYFIGURE;SALES_VALUE;Sales Value;21;;CURRENCY;STRING
<<END OF ROLESUPPORT>>;;;;;;
<<BEGIN OF FORMAT SETTINGS>>;;;;;;
TYPE;VALUE;;;;;
GROUP SEPERATOR;,;;;;;
DECIMAL SEPERATOR;.;;;;;
DATE SEPERATOR;/;;;;;
STANDARD CURRENCY;$;;;;;
STANDARD TIMEZONE;GMT;;;;;
<<END OF FORMAT SETTINGS>>;;;;;;
<<BEGIN OF HIERARCHIES>>;;;;;;
Type;Name;Reference Characteritic;Level Count;;;
LEVEL;ProductGroup;PRODUCT;1;PRODUCT_GROUP;;
LEVEL;DistributionChannel;PRODUCT;2;DISTR_CHANNEL;PRODUCT_GROUP;
LEVEL;ProductGroupHier;DISTR_CHANNEL;1;PRODUCT_GROUP;;
LEVEL;Region;AREA_CODE;1;REGION;;
<<END OF HIERARCHIES>>;;;;;;
<<END OF METADATA>>;;;;;;
